first_name,last_name,email
Nedi,Atwater,natwater0@blinklist.com
Maris,Ilyasov,milyasov1@jiathis.com
Scot,Oakes,soakes2@freewebs.com
Roi,Drohane,rdrohane3@twitter.com
Roderigo,Teresi,rteresi4@intel.com
Tresa,Suggitt,tsuggitt5@spotify.com
Carlota,Kimblen,ckimblen6@google.com.br
Georges,Jochanany,gjochanany7@newyorker.com
Hubert,Baford,hbaford8@soup.io
Druci,Battabee,dbattabee9@bluehost.com
Sarette,Whenman,swhenmana@networkadvertising.org
Rebbecca,Malacrida,rmalacridab@weather.com
Caro,Putley,cputleyc@ow.ly
Ike,Kindred,ikindredd@blinklist.com
Hebert,Moult,hmoulte@paginegialle.it
Ken,McGougan,kmcgouganf@fc2.com
Chaunce,Marchello,cmarchellog@comcast.net
Eziechiele,Grayley,egrayleyh@amazon.co.uk
Alma,Usmar,ausmari@cornell.edu
Tybi,Hedgeley,thedgeleyj@cpanel.net
Steffi,Aldhouse,saldhousek@w3.org
Haily,Cureton,hcuretonl@npr.org
Imelda,McCotter,imccotterm@hao123.com
Dodie,Duffy,dduffyn@paypal.com
Gerhardine,Nezey,gnezeyo@gmpg.org
Reese,Azemar,razemarp@vk.com
Judie,Mathissen,jmathissenq@sogou.com
Averell,Rigbye,arigbyer@businessinsider.com
Hasty,Dearing,hdearings@multiply.com
Sheela,Fotitt,sfotittt@who.int
Stavro,McShee,smcsheeu@ning.com
Benjie,Sunners,bsunnersv@cocolog-nifty.com
Emili,Janway,ejanwayw@mapy.cz
Evey,Perceval,epercevalx@rediff.com
Crosby,Cicccitti,ccicccittiy@ucsd.edu
Georgia,Corryer,gcorryerz@toplist.cz
Nehemiah,Geillier,ngeillier10@guardian.co.uk
Timmy,Eshelby,teshelby11@elpais.com
Andrei,Coulthurst,acoulthurst12@a8.net
Jane,Bleaden,jbleaden13@cpanel.net
Tandie,Antill,tantill14@sphinn.com
Brynne,Waldren,bwaldren15@engadget.com
Ediva,Samwayes,esamwayes16@pcworld.com
Vivie,Sponton,vsponton17@angelfire.com
Lilith,Smeeton,lsmeeton18@soundcloud.com
Siffre,Wixon,swixon19@earthlink.net
Rebbecca,Berk,rberk1a@google.ca
Win,Spread,wspread1b@usa.gov
Demetrius,Burchett,dburchett1c@webmd.com
Deedee,Woolfall,dwoolfall1d@about.me
Svend,Brower,sbrower1e@illinois.edu
Dorian,Fullerlove,dfullerlove1f@w3.org
Maggi,Troy,mtroy1g@oakley.com
Dorella,Daish,ddaish1h@umn.edu
Natividad,Gemson,ngemson1i@discuz.net
Dorey,Gooders,dgooders1j@hibu.com
Flor,Fullwood,ffullwood1k@wikispaces.com
Sonnie,Loseke,sloseke1l@ucoz.com
Shay,Pratchett,spratchett1m@ftc.gov
Myer,Feige,mfeige1n@digg.com
Delcine,Cluelow,dcluelow1o@hubpages.com
Justis,Dewire,jdewire1p@wp.com
Channa,Drieu,cdrieu1q@biglobe.ne.jp
Brandise,Cufflin,bcufflin1r@apache.org
Parsifal,Axby,paxby1s@cafepress.com
Shelby,Muckle,smuckle1t@fda.gov
Barton,O'Day,boday1u@reference.com
Bourke,Regardsoe,bregardsoe1v@google.fr
Nicolle,Hungerford,nhungerford1w@ucsd.edu
Elfrida,Speeks,espeeks1x@shinystat.com
Francesca,Richter,frichter1y@wufoo.com
Isabelita,Metcalf,imetcalf1z@amazonaws.com
Nyssa,McFetrich,nmcfetrich20@tuttocitta.it
Heath,Launder,hlaunder21@reference.com
Raymund,Drowsfield,rdrowsfield22@macromedia.com
Blakeley,Keach,bkeach23@macromedia.com
Edith,Falkinder,efalkinder24@amazon.co.uk
Giles,Elderton,gelderton25@slate.com
Padget,Christiensen,pchristiensen26@weebly.com
Steffane,Gobert,sgobert27@yahoo.co.jp
Nelli,Pearl,npearl28@ycombinator.com
Emelyne,Cheshire,echeshire29@sogou.com
Dougie,Vannuccinii,dvannuccinii2a@addthis.com
Camala,Flode,cflode2b@eepurl.com
Nonie,Chalmers,nchalmers2c@intel.com
Kenon,Scase,kscase2d@simplemachines.org
Thorstein,Danielian,tdanielian2e@soundcloud.com
Gwyneth,Gotmann,ggotmann2f@statcounter.com
Wildon,Wield,wwield2g@gmpg.org
Ulrick,Drugan,udrugan2h@wufoo.com
Maximilianus,Hardin,mhardin2i@springer.com
Jarad,Bischoff,jbischoff2j@npr.org
Kattie,Holley,kholley2k@merriam-webster.com
Noelyn,Olivelli,nolivelli2l@hatena.ne.jp
Arther,Durman,adurman2m@hugedomains.com
Pennie,Simukov,psimukov2n@mediafire.com
Naoma,Langtree,nlangtree2o@hc360.com
Maren,Gritland,mgritland2p@salon.com
Carline,Bunyard,cbunyard2q@china.com.cn
Laughton,Polglase,lpolglase2r@archive.org
Ainslee,Terbeck,aterbeck2s@furl.net
Evanne,Clarycott,eclarycott2t@dropbox.com
Eolanda,Dutch,edutch2u@rakuten.co.jp
Emlynn,Blinder,eblinder2v@google.cn
Graehme,Delgardo,gdelgardo2w@typepad.com
Kelly,Van de Vlies,kvandevlies2x@abc.net.au
Rowney,Charleston,rcharleston2y@stumbleupon.com
Yvonne,Murray,ymurray2z@prnewswire.com
Kareem,Pettyfar,kpettyfar30@google.de
Friedrick,Basili,fbasili31@hatena.ne.jp
Kit,Meegin,kmeegin32@networkadvertising.org
Ignatius,Newsome,inewsome33@nationalgeographic.com
Pammi,Pyne,ppyne34@google.pl
Juan,Newlyn,jnewlyn35@nps.gov
Xenia,Dewhirst,xdewhirst36@studiopress.com
Sissy,Stoakley,sstoakley37@mit.edu
Aleen,De Vaux,adevaux38@live.com
Arny,Bosch,abosch39@theatlantic.com
Candra,Plastow,cplastow3a@narod.ru
Emma,Goncalo,egoncalo3b@issuu.com
Wallie,Penn,wpenn3c@webs.com
Germana,Yoodall,gyoodall3d@youtube.com
Aila,Corradini,acorradini3e@google.ca
Erda,Newns,enewns3f@omniture.com
Mohandas,Pellitt,mpellitt3g@posterous.com
Beverley,Gable,bgable3h@bbb.org
Kirby,Manolov,kmanolov3i@columbia.edu
Kerstin,Nottingam,knottingam3j@wikimedia.org
Tremaine,Speenden,tspeenden3k@bloomberg.com
Husain,Emanuel,hemanuel3l@jigsy.com
Darby,Potte,dpotte3m@xrea.com
Shamus,Bridle,sbridle3n@arizona.edu
Felicia,Spinage,fspinage3o@mashable.com
Tiffi,Guesford,tguesford3p@about.me
Jessica,Lazarus,jlazarus3q@flavors.me
Ignazio,Steiner,isteiner3r@house.gov
Belinda,McComiskie,bmccomiskie3s@apple.com
Allsun,Naulty,anaulty3t@goo.gl
Wilmer,Inchcomb,winchcomb3u@people.com.cn
Kennedy,Suggitt,ksuggitt3v@unc.edu
Tomi,Plesing,tplesing3w@naver.com
Sarena,Tabner,stabner3x@adobe.com
Granthem,Bradnum,gbradnum3y@google.nl
Robers,Gould,rgould3z@diigo.com
Marla,Judron,mjudron40@w3.org
Brocky,Fardo,bfardo41@mac.com
Marja,Fagence,mfagence42@163.com
Ives,Cinderey,icinderey43@marketwatch.com
Myles,Emmitt,memmitt44@addthis.com
Avrit,Baccus,abaccus45@nydailynews.com
Jocko,Lorent,jlorent46@privacy.gov.au
Rudiger,Fell,rfell47@hexun.com
Dermot,Leatt,dleatt48@bloglines.com
Atlante,Larman,alarman49@vkontakte.ru
Danni,Speares,dspeares4a@mtv.com
Tobie,Fairlaw,tfairlaw4b@usgs.gov
Irma,Busby,ibusby4c@google.es
Donnajean,Billin,dbillin4d@exblog.jp
Claiborn,Braley,cbraley4e@alexa.com
Kelci,Darker,kdarker4f@earthlink.net
Onfroi,Yashaev,oyashaev4g@wikimedia.org
Willis,Kurtis,wkurtis4h@smugmug.com
Rebeca,Malmar,rmalmar4i@examiner.com
Collette,Maha,cmaha4j@oakley.com
Dalston,Appleby,dappleby4k@jalbum.net
Olva,Mavin,omavin4l@tripod.com
Corty,Eliesco,celiesco4m@1688.com
Angelita,Fransoni,afransoni4n@cnet.com
Atlante,Berrie,aberrie4o@yahoo.com
Aluino,Reagan,areagan4p@mozilla.com
Urbano,Gauden,ugauden4q@google.co.jp
Elana,Peaseman,epeaseman4r@imgur.com
Stephani,Matteini,smatteini4s@sbwire.com
Barbie,MacFadin,bmacfadin4t@issuu.com
Scotti,Limmer,slimmer4u@census.gov
Devora,Kiely,dkiely4v@feedburner.com
Gipsy,Wenman,gwenman4w@sogou.com
Malena,Conkey,mconkey4x@examiner.com
Gregoor,Barhem,gbarhem4y@sun.com
Archambault,Vignaux,avignaux4z@irs.gov
Angelo,Sizland,asizland50@nymag.com
Jemmy,Lindwasser,jlindwasser51@sourceforge.net
Freddie,Henrique,fhenrique52@phoca.cz
Renard,Holleran,rholleran53@ask.com
Alick,Titherington,atitherington54@liveinternet.ru
Joelle,Pringell,jpringell55@msu.edu
Benni,Devinn,bdevinn56@google.pl
Minor,Kropp,mkropp57@gizmodo.com
Noelyn,McLeish,nmcleish58@github.com
Julian,Corey,jcorey59@weebly.com
Gloriana,Wishkar,gwishkar5a@time.com
Sanderson,Boodle,sboodle5b@histats.com
Averell,Vidyapin,avidyapin5c@cnn.com
Darrel,Lye,dlye5d@latimes.com
Valeria,Enderle,venderle5e@businessweek.com
Thatch,Matusson,tmatusson5f@cargocollective.com
Horten,Gudge,hgudge5g@sun.com
Hagan,Knotton,hknotton5h@hugedomains.com
Nev,Woodier,nwoodier5i@newsvine.com
Jacquenetta,Nodes,jnodes5j@wikipedia.org
Dominica,Carlett,dcarlett5k@vistaprint.com
Kristen,Buzza,kbuzza5l@cornell.edu
Sascha,Beddows,sbeddows5m@opensource.org
Elie,Tregent,etregent5n@is.gd
Didi,Bertomeu,dbertomeu5o@craigslist.org
Wayne,Ranscome,wranscome5p@domainmarket.com
Courtney,Cicchetto,ccicchetto5q@pinterest.com
Krystalle,Edgell,kedgell5r@mtv.com
Georgeanna,Pheby,gpheby5s@indiatimes.com
Latisha,Mower,lmower5t@purevolume.com
Lisabeth,Vosse,lvosse5u@elegantthemes.com
Rebecka,Vaudre,rvaudre5v@dagondesign.com
Evelin,Wittrington,ewittrington5w@slashdot.org
Jenn,Paszak,jpaszak5x@alibaba.com
Salvatore,Iggo,siggo5y@omniture.com
Annie,Davidsohn,adavidsohn5z@meetup.com
Melodie,Plaskitt,mplaskitt60@abc.net.au
Gal,McLewd,gmclewd61@blogs.com
Jilleen,Harcourt,jharcourt62@digg.com
Shane,Hamley,shamley63@angelfire.com
Barnabas,Martinet,bmartinet64@aboutads.info
Zorah,Thunders,zthunders65@aol.com
Smitty,Mussettini,smussettini66@t-online.de
Merilee,Kitcat,mkitcat67@adobe.com
Aleda,Ondricek,aondricek68@arstechnica.com
Miriam,Stockney,mstockney69@constantcontact.com
Paton,O'Hannigan,pohannigan6a@nsw.gov.au
Keith,Shearn,kshearn6b@wix.com
Eamon,Manford,emanford6c@wsj.com
Roseline,Millington,rmillington6d@storify.com
Jeremias,Dainty,jdainty6e@1und1.de
Robbyn,Freeborn,rfreeborn6f@exblog.jp
Reinwald,Crayker,rcrayker6g@columbia.edu
Bunnie,Barlthrop,bbarlthrop6h@dedecms.com
Etheline,Maxted,emaxted6i@hexun.com
Clarance,Newstead,cnewstead6j@newsvine.com
Sher,Loveard,sloveard6k@time.com
Erv,Quincey,equincey6l@ft.com
Janifer,Leport,jleport6m@unblog.fr
Josy,Hanstock,jhanstock6n@uiuc.edu
Bret,Benoi,bbenoi6o@digg.com
Bernie,Sallter,bsallter6p@nbcnews.com
Aubrey,Billyeald,abillyeald6q@msu.edu
Caresse,Warhurst,cwarhurst6r@ibm.com
Chantalle,Keogh,ckeogh6s@whitehouse.gov
Nobe,Van Dalen,nvandalen6t@guardian.co.uk
Lewiss,Phettis,lphettis6u@japanpost.jp
Reg,Kingham,rkingham6v@hostgator.com
Jillane,Canizares,jcanizares6w@google.cn
Aurea,Hefforde,ahefforde6x@amazon.com
Corey,Sigars,csigars6y@dailymail.co.uk
Kane,Gagan,kgagan6z@si.edu
Neila,Mossom,nmossom70@yahoo.co.jp
Shea,Dimmack,sdimmack71@tmall.com
Prudy,Mallard,pmallard72@japanpost.jp
Carmencita,Summerly,csummerly73@google.nl
Gilbertina,Andriessen,gandriessen74@edublogs.org
Rosalinda,Beacon,rbeacon75@twitpic.com
Juline,Fewlass,jfewlass76@wordpress.org
Caresse,Szymanowicz,cszymanowicz77@walmart.com
Jacqui,Thomas,jthomas78@issuu.com
Herrick,Wrixon,hwrixon79@unblog.fr
Brana,Bellie,bbellie7a@devhub.com
Esme,Kasher,ekasher7b@github.io
Jacques,Brinkman,jbrinkman7c@weebly.com
Corri,Torre,ctorre7d@deliciousdays.com
Arleta,Burberry,aburberry7e@sciencedirect.com
Flinn,Ducker,fducker7f@ning.com
Duane,Tallowin,dtallowin7g@npr.org
Corina,Loughton,cloughton7h@theguardian.com
Marion,Healing,mhealing7i@zdnet.com
Hoyt,Brimson,hbrimson7j@slate.com
Sigfried,Fazakerley,sfazakerley7k@ed.gov
Patricio,Selwood,pselwood7l@marketwatch.com
Carroll,Maudsley,cmaudsley7m@google.com.br
Mallorie,Edgars,medgars7n@hhs.gov
Ulla,Poolman,upoolman7o@skype.com
Joelynn,Houson,jhouson7p@upenn.edu
Orv,Chisholm,ochisholm7q@dot.gov
Pat,Mc Gaughey,pmcgaughey7r@about.com
Elmo,Olney,eolney7s@dropbox.com
Eamon,Semerad,esemerad7t@netvibes.com
Zola,Fishpoole,zfishpoole7u@spiegel.de
Fabien,Lassells,flassells7v@imageshack.us
Bethena,Wynter,bwynter7w@marketwatch.com
Maryellen,Fawckner,mfawckner7x@squarespace.com
Guilbert,Heindle,gheindle7y@amazon.co.uk
Mei,Collick,mcollick7z@acquirethisname.com
Jessa,Gairdner,jgairdner80@umn.edu
Cleavland,Dohr,cdohr81@mozilla.org
Angeline,Gentile,agentile82@oakley.com
Virginia,Maskrey,vmaskrey83@jalbum.net
Benedict,Sarra,bsarra84@moonfruit.com
Fred,Dinsey,fdinsey85@twitter.com
Babbie,Nelligan,bnelligan86@github.io
Fiann,Joutapavicius,fjoutapavicius87@cnet.com
Keen,Theaker,ktheaker88@apple.com
Wendall,Cleatherow,wcleatherow89@qq.com
Dex,Surman-Wells,dsurmanwells8a@yolasite.com
Noel,Crawforth,ncrawforth8b@webmd.com
Tersina,La Batie,tlabatie8c@theguardian.com
Dannie,Pfaffe,dpfaffe8d@upenn.edu
Kean,Braunstein,kbraunstein8e@topsy.com
Kathryne,Camm,kcamm8f@meetup.com
Isaak,Crain,icrain8g@kickstarter.com
Candice,Wrate,cwrate8h@cloudflare.com
Elwira,Durn,edurn8i@is.gd
Krisha,Horrod,khorrod8j@time.com
Joann,Hinchon,jhinchon8k@unc.edu
Ruthanne,Mathwin,rmathwin8l@fc2.com
Dinah,Osler,dosler8m@sciencedirect.com
Cori,Portwain,cportwain8n@gnu.org
Joletta,Devin,jdevin8o@php.net
Bing,Renzo,brenzo8p@indiatimes.com
Donica,Girdlestone,dgirdlestone8q@imgur.com
Osborn,Colwell,ocolwell8r@usda.gov
Tome,Winpenny,twinpenny8s@mayoclinic.com
Corey,Wildes,cwildes8t@imdb.com
Manon,Mahedy,mmahedy8u@forbes.com
Vonny,Scotcher,vscotcher8v@netlog.com
Haskel,Cawthron,hcawthron8w@livejournal.com
Alonzo,Pask,apask8x@free.fr
Nananne,Wyke,nwyke8y@forbes.com
Madelin,Lody,mlody8z@webnode.com
Ly,Enticott,lenticott90@google.ru
Irita,Jerratsch,ijerratsch91@weebly.com
Glennie,Wadmore,gwadmore92@usgs.gov
Iona,Confait,iconfait93@netlog.com
Carlie,Couper,ccouper94@github.io
Allene,Sansam,asansam95@mashable.com
Sara,Glassman,sglassman96@dailymotion.com
Lavinie,Gerhts,lgerhts97@usnews.com
Shandy,Vaen,svaen98@bloomberg.com
Niles,Tunstall,ntunstall99@mit.edu
Bethina,Warret,bwarret9a@yale.edu
Eudora,Archdeacon,earchdeacon9b@cafepress.com
Russell,Raff,rraff9c@techcrunch.com
Harvey,Clear,hclear9d@indiatimes.com
Esme,Mayworth,emayworth9e@telegraph.co.uk
Yuri,Gamil,ygamil9f@webmd.com
Paulita,Millins,pmillins9g@odnoklassniki.ru
Gaby,Rolfini,grolfini9h@hp.com
Martainn,Spurrior,mspurrior9i@businessinsider.com
Mari,Hellsdon,mhellsdon9j@weather.com
Solomon,Mulvany,smulvany9k@barnesandnoble.com
Bertie,Lucy,blucy9l@ebay.co.uk
Timofei,Dreossi,tdreossi9m@seesaa.net
Allison,Curtis,acurtis9n@columbia.edu
Augustus,Scrowston,ascrowston9o@aol.com
Maximo,Redhills,mredhills9p@hostgator.com
Nolana,Campa,ncampa9q@wp.com
Milty,Tapscott,mtapscott9r@illinois.edu
Conrade,Bentote,cbentote9s@alexa.com
Mayne,Rosenfeld,mrosenfeld9t@devhub.com
Donnie,Brewin,dbrewin9u@so-net.ne.jp
Laraine,Tansly,ltansly9v@yolasite.com
Stanislaus,Stivani,sstivani9w@ca.gov
Michelle,Causby,mcausby9x@arizona.edu
Germain,McKeurtan,gmckeurtan9y@plala.or.jp
Shoshana,Dreus,sdreus9z@ucsd.edu
Ansell,Sparey,aspareya0@github.com
Godfry,Zanussii,gzanussiia1@psu.edu
Mattias,Enright,menrighta2@bravesites.com
Norbie,Sellar,nsellara3@yellowpages.com
Karlie,Pudding,kpuddinga4@google.ca
Hewet,Catherine,hcatherinea5@apache.org
Marie-jeanne,Tampling,mtamplinga6@bloglines.com
Barris,Sleightholme,bsleightholmea7@spiegel.de
Pavia,Smallpiece,psmallpiecea8@cmu.edu
Kelsy,Isakowicz,kisakowicza9@mashable.com
Jaquelin,Iorizzi,jiorizziaa@nhs.uk
Rosalia,Beatson,rbeatsonab@unc.edu
Edita,Turban,eturbanac@zimbio.com
Husain,Scholz,hscholzad@nyu.edu
Vinni,Argue,vargueae@sciencedirect.com
Sheffy,Sheriff,ssheriffaf@home.pl
Beck,Bowstead,bbowsteadag@google.de
Uri,Schoroder,uschoroderah@histats.com
Aggi,Gethouse,agethouseai@squidoo.com
Orsa,Flook,oflookaj@wordpress.com
Nariko,Wilce,nwilceak@wp.com
Misti,Breslauer,mbreslaueral@omniture.com
Gordon,Schenfisch,gschenfischam@foxnews.com
Nissy,Milbourn,nmilbournan@about.com
Aurelie,Keepin,akeepinao@t-online.de
Rosalind,Benwell,rbenwellap@example.com
Simone,Peaseman,speasemanaq@jalbum.net
Nikolaus,Hrinchishin,nhrinchishinar@smh.com.au
Nancie,Giraudo,ngiraudoas@disqus.com
Dorothee,Westall,dwestallat@macromedia.com
Patricio,Vlach,pvlachau@gov.uk
Janela,Goldbourn,jgoldbournav@sohu.com
Hermon,Spensley,hspensleyaw@istockphoto.com
Elias,McKeever,emckeeverax@jalbum.net
Bibi,Spering,bsperingay@163.com
Cosette,Murname,cmurnameaz@liveinternet.ru
Dewain,Farragher,dfarragherb0@sina.com.cn
Claire,Zannotti,czannottib1@tinypic.com
Delly,Goter,dgoterb2@irs.gov
Alicia,Ballam,aballamb3@howstuffworks.com
Jaine,Sylvester,jsylvesterb4@newyorker.com
Inglebert,Helstrip,ihelstripb5@foxnews.com
Stafani,Mayhou,smayhoub6@canalblog.com
Loni,Ventura,lventurab7@google.co.jp
Thekla,Holbie,tholbieb8@sakura.ne.jp
Thia,McCheyne,tmccheyneb9@freewebs.com
Benedicta,Doll,bdollba@irs.gov
Phebe,Cockson,pcocksonbb@deliciousdays.com
Jessa,Hamman,jhammanbc@istockphoto.com
Hermon,Morefield,hmorefieldbd@google.it
Krissy,Annakin,kannakinbe@smugmug.com
Ethyl,Phebee,ephebeebf@usatoday.com
Alexis,Lenaghen,alenaghenbg@vistaprint.com
Arlyne,Mattersey,amatterseybh@technorati.com
Cleo,Hirthe,chirthebi@163.com
Osmond,Guinnane,oguinnanebj@google.com.br
Tiffi,Cornewell,tcornewellbk@bizjournals.com
Lodovico,Pinke,lpinkebl@bloomberg.com
Odelia,Kesteven,okestevenbm@geocities.com
Mordy,Keddie,mkeddiebn@adobe.com
Lonna,Yancey,lyanceybo@sfgate.com
Wright,Cheesman,wcheesmanbp@ted.com
Delphinia,Mandifield,dmandifieldbq@netscape.com
Isac,Callendar,icallendarbr@state.gov
Filmore,Pettiford,fpettifordbs@blog.com
Klarika,Bengal,kbengalbt@statcounter.com
Marillin,Middleditch,mmiddleditchbu@shop-pro.jp
Flory,Reskelly,freskellybv@twitter.com
Mallory,Moorhead,mmoorheadbw@deviantart.com
Hugo,Guilloud,hguilloudbx@multiply.com
Rustie,Louthe,rloutheby@ibm.com
Waite,Greendale,wgreendalebz@pagesperso-orange.fr
Bil,Gaye,bgayec0@free.fr
Nealson,Cunnah,ncunnahc1@adobe.com
Babbie,Elloy,belloyc2@mysql.com
Sayer,Garnul,sgarnulc3@upenn.edu
Adler,Anfusso,aanfussoc4@instagram.com
Cybill,Masdin,cmasdinc5@tripadvisor.com
Pepi,Dargue,pdarguec6@mozilla.com
Jewell,Erskine Sandys,jerskinesandysc7@twitpic.com
Bernhard,Jennions,bjennionsc8@ft.com
Hubey,Raspin,hraspinc9@chronoengine.com
Mayor,Bondesen,mbondesenca@canalblog.com
Sibylle,Alyutin,salyutincb@barnesandnoble.com
Carly,Jakaway,cjakawaycc@adobe.com
Fiorenze,Waldren,fwaldrencd@columbia.edu
Kennith,Driver,kdriverce@businessinsider.com
Bary,Elener,belenercf@free.fr
Cristen,O'Carran,cocarrancg@opera.com
Ethelred,Treharne,etreharnech@walmart.com
Idalina,Ussher,iussherci@nymag.com
Gweneth,Kenrick,gkenrickcj@nba.com
Chere,Gee,cgeeck@about.me
Natassia,Griffitt,ngriffittcl@clickbank.net
Didi,Gubbins,dgubbinscm@wired.com
Holly,McBratney,hmcbratneycn@clickbank.net
Glory,Schuster,gschusterco@wired.com
Nonie,Waywell,nwaywellcp@vistaprint.com
Dulci,Allcoat,dallcoatcq@indiatimes.com
Dewey,Warby,dwarbycr@usnews.com
Nikki,Ousby,nousbycs@pen.io
Jeannie,Caslane,jcaslanect@usgs.gov
Mathilda,Dondon,mdondoncu@opensource.org
Huntington,Dory,hdorycv@etsy.com
Clyde,Santacrole,csantacrolecw@joomla.org
Asia,Calabry,acalabrycx@ucoz.ru
Culley,Stiell,cstiellcy@va.gov
Alysa,Gravell,agravellcz@engadget.com
Geraldine,Swepson,gswepsond0@tripod.com
Grace,Grinaugh,ggrinaughd1@soup.io
Margaux,Sidon,msidond2@msn.com
Damara,Short,dshortd3@arstechnica.com
Ron,Mercy,rmercyd4@weebly.com
Noah,Nisby,nnisbyd5@xrea.com
Ailey,Guiot,aguiotd6@sogou.com
Bertina,Scorah,bscorahd7@facebook.com
Kristian,Wettern,kwetternd8@people.com.cn
Kiersten,Petersen,kpetersend9@salon.com
Geri,Lanigan,glaniganda@cmu.edu
Jefferson,Fannon,jfannondb@multiply.com
Jillayne,O'Shiels,joshielsdc@woothemes.com
Janela,Bogges,jboggesdd@netvibes.com
Toni,Hardaker,thardakerde@feedburner.com
Sioux,Lawford,slawforddf@ft.com
Gavrielle,McCroary,gmccroarydg@cornell.edu
Malynda,Laguerre,mlaguerredh@uiuc.edu
Kippie,Stuckes,kstuckesdi@nbcnews.com
Raddy,Himsworth,rhimsworthdj@europa.eu
Kaitlin,Myford,kmyforddk@chron.com
Jillie,Strass,jstrassdl@omniture.com
Karolina,Chorley,kchorleydm@spotify.com
Kimbell,Faunch,kfaunchdn@de.vu
Dwain,Lomaz,dlomazdo@tinypic.com
Maxi,Pryer,mpryerdp@wix.com
Cooper,Sweedy,csweedydq@dailymail.co.uk
Cicely,Tresler,ctreslerdr@ameblo.jp
Genovera,Bresnen,gbresnends@usgs.gov
Adrienne,Stevenson,astevensondt@vkontakte.ru
Cati,Lievesley,clievesleydu@bravesites.com
Illa,Hurkett,ihurkettdv@state.gov
Moss,Marten,mmartendw@sciencedirect.com
Devlin,Herity,dheritydx@posterous.com
Margarette,Mandy,mmandydy@cyberchimps.com
Billie,Cawsy,bcawsydz@i2i.jp
Craggie,Moralis,cmoralise0@trellian.com
Thorsten,Pirt,tpirte1@simplemachines.org
Magda,Alsop,malsope2@timesonline.co.uk
Reinold,Leward,rlewarde3@linkedin.com
Whitney,Tatem,wtateme4@networksolutions.com
Chantal,Rankling,cranklinge5@wikipedia.org
Alana,Parke,aparkee6@theatlantic.com
Martha,Forde,mfordee7@indiatimes.com
Isa,Ginnell,iginnelle8@noaa.gov
Sissie,Romeuf,sromeufe9@squarespace.com
Silvio,Bande,sbandeea@omniture.com
Arvin,Rustadge,arustadgeeb@dailymail.co.uk
Eliot,Edmans,eedmansec@google.fr
Toddie,Areles,tarelesed@cornell.edu
Cami,Crispin,ccrispinee@home.pl
Alexandra,Yitshak,ayitshakef@webeden.co.uk
Katine,Bediss,kbedisseg@fc2.com
Hewe,Le feaver,hlefeavereh@chron.com
Kip,Keelin,kkeelinei@cam.ac.uk
Onfroi,Jouanny,ojouannyej@wordpress.com
Aylmar,Seiler,aseilerek@businessinsider.com
Lock,Stevani,lstevaniel@oakley.com
Alvis,Latus,alatusem@bizjournals.com
Gan,Janca,gjancaen@dedecms.com
Camila,Cline,cclineeo@sciencedaily.com
Matty,Salzen,msalzenep@google.cn
Deck,Hornung,dhornungeq@de.vu
Wallache,Pimlott,wpimlotter@sakura.ne.jp
Lorelei,Garrit,lgarrites@soup.io
Katrina,Denerley,kdenerleyet@wiley.com
Elton,Skrines,eskrineseu@reference.com
Rorie,Peasgood,rpeasgoodev@ft.com
Kip,Chiplen,kchiplenew@mozilla.com
Nedi,Oloshkin,noloshkinex@wunderground.com
Joannes,Gouldthorp,jgouldthorpey@japanpost.jp
Demetri,Alliband,dallibandez@twitpic.com
Cathe,Hulmes,chulmesf0@goodreads.com
Angeline,Karchewski,akarchewskif1@fema.gov
Britt,Huxham,bhuxhamf2@digg.com
Greggory,Maypowder,gmaypowderf3@loc.gov
Idalina,Swepson,iswepsonf4@wix.com
Antons,Sabater,asabaterf5@nyu.edu
Britte,Winckles,bwincklesf6@netvibes.com
Florian,Joannic,fjoannicf7@imageshack.us
Lynea,Bedinn,lbedinnf8@nature.com
Tressa,Vesty,tvestyf9@ifeng.com
Petronilla,Schoular,pschoularfa@webmd.com
Ernie,Betteriss,ebetterissfb@mysql.com
Else,Mortell,emortellfc@wired.com
Saunders,Meiningen,smeiningenfd@baidu.com
Alethea,Chislett,achislettfe@reuters.com
Breena,Summerbell,bsummerbellff@state.tx.us
Benedikta,Eyer,beyerfg@huffingtonpost.com
Ado,Acom,aacomfh@sohu.com
Anthiathia,Roswarn,aroswarnfi@phpbb.com
Meredithe,Southby,msouthbyfj@tripadvisor.com
Katinka,Poundsford,kpoundsfordfk@t.co
Noak,Buxcy,nbuxcyfl@wikipedia.org
Gibby,Studd,gstuddfm@indiatimes.com
Adolf,Emmert,aemmertfn@gnu.org
Kelly,Coveley,kcoveleyfo@home.pl
Flinn,Baggalley,fbaggalleyfp@hexun.com
Danella,Tomini,dtominifq@accuweather.com
Patti,Aves,pavesfr@fema.gov
Cleon,Hamlett,chamlettfs@boston.com
Gaelan,Tweddle,gtweddleft@soundcloud.com
Paddy,Newcomen,pnewcomenfu@google.nl
Trudie,Vala,tvalafv@biblegateway.com
Ronnie,O'Donegan,rodoneganfw@elegantthemes.com
Cointon,Peltzer,cpeltzerfx@paypal.com
Beatriz,Keates,bkeatesfy@vistaprint.com
Truman,McGibbon,tmcgibbonfz@utexas.edu
Alleyn,Ivanshintsev,aivanshintsevg0@163.com
Bear,Duhig,bduhigg1@imdb.com
Jeanette,Halladay,jhalladayg2@xrea.com
Jeremie,Botfield,jbotfieldg3@seattletimes.com
Damaris,McCreagh,dmccreaghg4@europa.eu
Nettie,Skone,nskoneg5@barnesandnoble.com
Aymer,Duke,adukeg6@senate.gov
Wilmer,Ivanenkov,wivanenkovg7@ucla.edu
Goldina,Beamson,gbeamsong8@wix.com
Opal,MacGillavery,omacgillaveryg9@dot.gov
Sander,Curteis,scurteisga@posterous.com
Valentine,Toppin,vtoppingb@amazon.de
Odell,Biasio,obiasiogc@cnet.com
Norbie,Ebbens,nebbensgd@sciencedaily.com
Pennie,Bennetts,pbennettsge@list-manage.com
Courtney,McQuilty,cmcquiltygf@oracle.com
Thomasine,Shaddick,tshaddickgg@earthlink.net
Nat,Donnell,ndonnellgh@lycos.com
Trevor,Steptowe,tsteptowegi@yahoo.co.jp
Darnall,Steggals,dsteggalsgj@blogs.com
Harlene,O'Gaven,hogavengk@nationalgeographic.com
Malvina,Mattson,mmattsongl@timesonline.co.uk
Verney,Kindle,vkindlegm@nationalgeographic.com
Sonnnie,Inglis,singlisgn@ft.com
Jarrett,Holstein,jholsteingo@a8.net
Gibbie,Goulstone,ggoulstonegp@nba.com
Viviana,Gourley,vgourleygq@artisteer.com
Arleyne,Corns,acornsgr@newsvine.com
Corliss,Budik,cbudikgs@weebly.com
Hakim,Oherlihy,hoherlihygt@disqus.com
Rebbecca,Collisson,rcollissongu@amazon.co.jp
Henka,Lashmar,hlashmargv@soundcloud.com
Clement,Cheers,ccheersgw@google.com
Octavia,Farmloe,ofarmloegx@opera.com
Ransom,Menego,rmenegogy@google.de
Randell,Chazotte,rchazottegz@tmall.com
Paige,Swayland,pswaylandh0@twitter.com
Sophie,Lammers,slammersh1@sphinn.com
Karleen,Cotterell,kcotterellh2@geocities.jp
Betty,Pestridge,bpestridgeh3@cocolog-nifty.com
Raoul,Seagood,rseagoodh4@ifeng.com
Carver,Tixall,ctixallh5@sohu.com
Gill,Braiden,gbraidenh6@altervista.org
Costanza,Shaudfurth,cshaudfurthh7@google.fr
Olwen,Loffhead,oloffheadh8@latimes.com
Tucky,Dalgety,tdalgetyh9@blinklist.com
Kiley,Sever,kseverha@soup.io
Carlyn,Pleace,cpleacehb@biglobe.ne.jp
Ad,Stanworth,astanworthhc@nbcnews.com
Phelia,Priditt,ppriditthd@youtube.com
Lyman,Jakel,ljakelhe@tinyurl.com
Jorrie,Pennington,jpenningtonhf@dailymail.co.uk
Gertrud,Wharrier,gwharrierhg@ihg.com
Carmina,Swatradge,cswatradgehh@delicious.com
Torrey,Rodenburg,trodenburghi@ycombinator.com
Kial,Horlick,khorlickhj@123-reg.co.uk
Jewel,Ventris,jventrishk@noaa.gov
Prent,Sargint,psarginthl@smugmug.com
Harwilll,Joselin,hjoselinhm@infoseek.co.jp
Ursa,Langan,ulanganhn@narod.ru
Joyann,Bowsher,jbowsherho@ustream.tv
Susanetta,Pinner,spinnerhp@tinypic.com
Crichton,Rosenshine,crosenshinehq@shutterfly.com
Marsha,Vidloc,mvidlochr@wikia.com
Reggie,Willeman,rwillemanhs@edublogs.org
Claus,Heaviside,cheavisideht@twitpic.com
Phil,Padly,ppadlyhu@ehow.com
Lawton,Bayle,lbaylehv@ihg.com
Theodor,Morcombe,tmorcombehw@nationalgeographic.com
Cosette,Wafer,cwaferhx@gov.uk
Audrey,Jochen,ajochenhy@mozilla.org
Lesley,Poulsen,lpoulsenhz@utexas.edu
Stacy,Smitheman,ssmithemani0@wunderground.com
Sacha,Gibling,sgiblingi1@163.com
Marge,Sarjent,msarjenti2@hugedomains.com
Dietrich,Tolson,dtolsoni3@toplist.cz
Natasha,Calven,ncalveni4@sfgate.com
Barrie,Cargo,bcargoi5@cpanel.net
Gallard,Hairsine,ghairsinei6@bbb.org
Saleem,Yexley,syexleyi7@ovh.net
Nealon,Allenson,nallensoni8@tinyurl.com
Lani,Ferneley,lferneleyi9@posterous.com
Moe,Saur,msauria@yahoo.co.jp
Ari,Leindecker,aleindeckerib@eepurl.com
Rosabelle,Leverton,rlevertonic@google.co.uk
Anetta,Normadell,anormadellid@kickstarter.com
Kirsteni,Bass,kbassie@ocn.ne.jp
Egon,Oselton,eoseltonif@elegantthemes.com
Nil,Lavens,nlavensig@multiply.com
Lucita,Barroux,lbarrouxih@cnn.com
Rollins,Bogeys,rbogeysii@canalblog.com
Inigo,Millsap,imillsapij@nhs.uk
Adi,Draijer,adraijerik@techcrunch.com
Rozalie,Roan,rroanil@hhs.gov
Trista,Davenport,tdavenportim@mac.com
Olivero,Trehearne,otrehearnein@nih.gov
Torin,Glencross,tglencrossio@youtu.be
Stirling,Jest,sjestip@huffingtonpost.com
Arturo,Loch,alochiq@japanpost.jp
Boigie,Gehring,bgehringir@hugedomains.com
Karlan,Gainsford,kgainsfordis@nih.gov
Anne-marie,Greenstead,agreensteadit@latimes.com
Gualterio,Benge,gbengeiu@howstuffworks.com
Aldus,Gaunter,agaunteriv@networkadvertising.org
Ashleigh,Bignold,abignoldiw@skyrock.com
Hettie,Boomes,hboomesix@miitbeian.gov.cn
Reinald,Jendrich,rjendrichiy@dyndns.org
Olive,Haye,ohayeiz@google.com.au
Gabrielle,Piser,gpiserj0@ow.ly
Dominique,Murfin,dmurfinj1@blogspot.com
Hayes,Fanti,hfantij2@jugem.jp
Thaine,Broszkiewicz,tbroszkiewiczj3@digg.com
Agnes,Espino,aespinoj4@people.com.cn
Fields,Sayle,fsaylej5@mashable.com
Rana,Gullefant,rgullefantj6@cam.ac.uk
Rourke,Kirman,rkirmanj7@prweb.com
Vivianne,Pengilley,vpengilleyj8@mlb.com
Willetta,Gallico,wgallicoj9@newsvine.com
Fianna,Catford,fcatfordja@domainmarket.com
Enid,Danneil,edanneiljb@ebay.com
Maddi,Paynter,mpaynterjc@digg.com
Rachel,Starbucke,rstarbuckejd@bizjournals.com
Magda,Renachowski,mrenachowskije@sitemeter.com
Jeannie,Connow,jconnowjf@ow.ly
Wallace,Wickett,wwickettjg@salon.com
Frederik,Creany,fcreanyjh@aol.com
Matti,Hayward,mhaywardji@baidu.com
Terry,Pitcher,tpitcherjj@google.fr
Giselbert,Juan,gjuanjk@storify.com
Duane,D'Abbot-Doyle,ddabbotdoylejl@cyberchimps.com
Phip,Canet,pcanetjm@ed.gov
Moses,Mulhall,mmulhalljn@chronoengine.com
Vina,Kuschel,vkuscheljo@oaic.gov.au
Adelina,Broxup,abroxupjp@addthis.com
Elianore,Grafham,egrafhamjq@abc.net.au
Malcolm,Leavry,mleavryjr@quantcast.com
Timoteo,Seeds,tseedsjs@ameblo.jp
Gerhardt,Tomkowicz,gtomkowiczjt@twitpic.com
Lyn,Bridges,lbridgesju@yahoo.com
Shirlene,Ormiston,sormistonjv@wsj.com
Hedda,Kiernan,hkiernanjw@comsenz.com
Rudie,Maillard,rmaillardjx@twitter.com
Elmo,Dmitrienko,edmitrienkojy@tuttocitta.it
Meier,Corrie,mcorriejz@comsenz.com
Ulises,Clemente,uclementek0@chronoengine.com
Thayne,Andrault,tandraultk1@ftc.gov
Liana,Brierton,lbriertonk2@taobao.com
Rivy,Cuncarr,rcuncarrk3@economist.com
Anabella,Donet,adonetk4@canalblog.com
Minna,Blockwell,mblockwellk5@angelfire.com
Shermy,Angrock,sangrockk6@cbc.ca
Johann,Corkel,jcorkelk7@cbsnews.com
Henri,Tuxell,htuxellk8@mysql.com
Omero,Aulds,oauldsk9@dailymail.co.uk
Erie,GiacobbiniJacob,egiacobbinijacobka@nyu.edu
Maisey,Capini,mcapinikb@yahoo.co.jp
Salvador,Siggery,ssiggerykc@php.net
Wyndham,Boughey,wbougheykd@dell.com
Thatch,MacLure,tmaclureke@zimbio.com
Noah,Moger,nmogerkf@ted.com
Fletch,Thames,fthameskg@plala.or.jp
Britt,Koschke,bkoschkekh@dmoz.org
Babita,Splevins,bsplevinski@ox.ac.uk
Kahlil,Chetter,kchetterkj@comsenz.com
Erhard,Bracher,ebracherkk@nih.gov
Wesley,Plumer,wplumerkl@cisco.com
Hildegaard,Braithwait,hbraithwaitkm@desdev.cn
Mic,Halifax,mhalifaxkn@about.com
Lynnea,Bernucci,lbernucciko@zdnet.com
Eveline,Slorach,eslorachkp@bloglovin.com
Romeo,Trippett,rtrippettkq@answers.com
Keely,Poston,kpostonkr@wiley.com
Lucina,Huxley,lhuxleyks@dropbox.com
Eustacia,Dymocke,edymockekt@spotify.com
Con,Etridge,cetridgeku@bandcamp.com
Lilas,Ferronel,lferronelkv@npr.org
Hieronymus,Ealam,healamkw@wufoo.com
Jody,Martinat,jmartinatkx@google.fr
Nettie,Absolem,nabsolemky@ocn.ne.jp
Marc,Brickdale,mbrickdalekz@shutterfly.com
Wesley,Mandifield,wmandifieldl0@vinaora.com
Ase,Cuddehy,acuddehyl1@drupal.org
Marcelline,MacCleod,mmaccleodl2@hud.gov
Honor,Ewbanck,hewbanckl3@google.it
Claude,Antonucci,cantonuccil4@clickbank.net
Bernie,Rousel,brousell5@vkontakte.ru
Meghan,Crutchley,mcrutchleyl6@army.mil
Krysta,Mawditt,kmawdittl7@cisco.com
Oona,Hanlin,ohanlinl8@devhub.com
Georgie,Winterborne,gwinterbornel9@lycos.com
Donnie,Andreini,dandreinila@drupal.org
Kenyon,Capewell,kcapewelllb@exblog.jp
Kris,Jostan,kjostanlc@clickbank.net
Odilia,Grigoriscu,ogrigorisculd@cisco.com
Karoly,Kearey,kkeareyle@google.pl
Pierson,Whitsey,pwhitseylf@devhub.com
Hally,Aspling,hasplinglg@dailymotion.com
Hayyim,Woodnutt,hwoodnuttlh@apache.org
Hilario,Aylmore,haylmoreli@imgur.com
Mala,Shee,msheelj@hud.gov
Westbrooke,Pasek,wpaseklk@slate.com
Barnard,Revell,brevellll@ifeng.com
Zacherie,Nazair,znazairlm@salon.com
Dew,Inston,dinstonln@ycombinator.com
Nolana,Gage,ngagelo@123-reg.co.uk
Roley,Greensitt,rgreensittlp@sun.com
Genni,Tuftin,gtuftinlq@google.com
Padraig,Alelsandrovich,palelsandrovichlr@histats.com
Keriann,Fitzsimmons,kfitzsimmonsls@bizjournals.com
Brook,Littlejohn,blittlejohnlt@amazon.co.jp
Cris,Gunderson,cgundersonlu@webmd.com
Rani,Piercey,rpierceylv@booking.com
Jolie,Ibarra,jibarralw@cdbaby.com
Waylen,Steed,wsteedlx@dedecms.com
Carmina,Cuxon,ccuxonly@dion.ne.jp
Clay,Entreis,centreislz@friendfeed.com
Jocelyn,Yushin,jyushinm0@nature.com
Rochelle,Cucuzza,rcucuzzam1@a8.net
Cathie,Scruton,cscrutonm2@google.com.br
Mychal,Grazier,mgrazierm3@who.int
Karolina,Ruusa,kruusam4@blogspot.com
Suzette,Hairyes,shairyesm5@geocities.com
Caz,Winsiowiecki,cwinsiowieckim6@forbes.com
Maryjane,Babalola,mbabalolam7@blogspot.com
Georgia,Beggan,gbegganm8@reuters.com
Jackie,Suche,jsuchem9@reddit.com
Leonardo,Bockings,lbockingsma@oakley.com
Gordon,Sturrock,gsturrockmb@privacy.gov.au
Beth,MacArthur,bmacarthurmc@oaic.gov.au
Zuzana,Norrie,znorriemd@merriam-webster.com
Kirsteni,Sperry,ksperryme@plala.or.jp
Rhett,Starbeck,rstarbeckmf@google.cn
Arlene,Reuble,areublemg@mysql.com
Dorian,Jacobowits,djacobowitsmh@ow.ly
Mora,Douthwaite,mdouthwaitemi@tinyurl.com
Jenna,Edmott,jedmottmj@pinterest.com
Lizzy,Clendening,lclendeningmk@buzzfeed.com
Meara,Crewe,mcreweml@wordpress.org
Valeria,Lakenton,vlakentonmm@noaa.gov
Jermain,Gulston,jgulstonmn@sbwire.com
Misty,Crumby,mcrumbymo@ft.com
Cord,Binley,cbinleymp@squarespace.com
Heidi,Bourget,hbourgetmq@tinypic.com
Pierette,Seekings,pseekingsmr@meetup.com
Ki,Lortzing,klortzingms@miibeian.gov.cn
Heddie,Trethewey,htretheweymt@omniture.com
Nolana,Berrigan,nberriganmu@springer.com
Selestina,Willmot,swillmotmv@sphinn.com
Whitney,Golly,wgollymw@g.co
Darbie,Saffon,dsaffonmx@deviantart.com
Hildegarde,Clitheroe,hclitheroemy@a8.net
Lanae,Caws,lcawsmz@cmu.edu
Gradeigh,Petrozzi,gpetrozzin0@usa.gov
Odella,Byne,obynen1@edublogs.org
Ede,Sawden,esawdenn2@spiegel.de
Bruno,Dullingham,bdullinghamn3@psu.edu
Tierney,Stannion,tstannionn4@chron.com
Calley,McClenan,cmcclenann5@reuters.com
Tracie,Frowd,tfrowdn6@weibo.com
Forrest,Guilloton,fguillotonn7@cocolog-nifty.com
Donnie,MacCollom,dmaccollomn8@wired.com
Decca,Swateridge,dswateridgen9@oaic.gov.au
Goraud,Giblett,ggiblettna@blinklist.com
Bancroft,Davidovits,bdavidovitsnb@marriott.com
Bink,Feavyour,bfeavyournc@theglobeandmail.com
Tait,Dehm,tdehmnd@ocn.ne.jp
Delmore,Bernli,dbernline@phoca.cz
Jaclyn,Alwen,jalwennf@aol.com
Ruthann,Sarsfield,rsarsfieldng@vkontakte.ru
Robinson,Cowely,rcowelynh@4shared.com
Sheila-kathryn,Burgoine,sburgoineni@is.gd
Martica,Kendell,mkendellnj@epa.gov
Temp,Filisov,tfilisovnk@prweb.com
Trumaine,Patterson,tpattersonnl@w3.org
Charyl,Grimbleby,cgrimblebynm@google.nl
Albertina,Peckham,apeckhamnn@fda.gov
Ilsa,Weeke,iweekeno@mac.com
Cchaddie,Jiggle,cjigglenp@home.pl
Kin,Mongain,kmongainnq@gizmodo.com
Doria,Collet,dcolletnr@dagondesign.com
Parsifal,Pascow,ppascowns@uol.com.br
Dita,Abate,dabatent@china.com.cn
Kenna,Ormston,kormstonnu@ow.ly
Sargent,Creasey,screaseynv@bizjournals.com
Selene,Hackley,shackleynw@barnesandnoble.com
Kimberlee,Merwede,kmerwedenx@hao123.com
Terrijo,Drieu,tdrieuny@constantcontact.com
Julietta,Trippett,jtrippettnz@mayoclinic.com
Oren,Folcarelli,ofolcarellio0@mashable.com
Durand,Glidder,dgliddero1@oaic.gov.au
Katine,Rantoul,krantoulo2@ocn.ne.jp
Kerrie,Strippling,kstripplingo3@geocities.jp
Celestyn,Orwin,corwino4@baidu.com
Tonia,Rowney,trowneyo5@weebly.com
Octavius,Flag,oflago6@businessinsider.com
Maison,Alebrooke,malebrookeo7@businesswire.com
Filmore,Hughf,fhughfo8@jigsy.com
Lea,Zecchii,lzecchiio9@geocities.jp
Rusty,Gloucester,rgloucesteroa@cargocollective.com
Olympe,Rentenbeck,orentenbeckob@telegraph.co.uk
Micaela,Rusted,mrustedoc@ning.com
Sheelah,Cansdale,scansdaleod@icq.com
Dar,Lind,dlindoe@mediafire.com
Lira,Ferrant,lferrantof@loc.gov
Ofelia,Izaks,oizaksog@multiply.com
Rudolfo,Lazenby,rlazenbyoh@scribd.com
Prudence,Leckenby,pleckenbyoi@amazon.de
Rickey,Dimitriou,rdimitriouoj@google.com.br
Dalston,Shorton,dshortonok@nhs.uk
Illa,Lightwood,ilightwoodol@feedburner.com
Marilyn,Pettisall,mpettisallom@ucla.edu
Crystal,Izakson,cizaksonon@noaa.gov
Miguelita,Brayshay,mbrayshayoo@51.la
Cate,Begley,cbegleyop@wufoo.com
Owen,Bockett,obockettoq@diigo.com
Rik,Deans,rdeansor@symantec.com
Nadean,Vila,nvilaos@gmpg.org
Francesco,Castro,fcastroot@topsy.com
Michell,Camplen,mcamplenou@google.nl
Anetta,Evins,aevinsov@answers.com
Kasper,Abley,kableyow@yahoo.co.jp
Valentijn,Pilpovic,vpilpovicox@reddit.com
Nickie,Mathelon,nmathelonoy@yahoo.co.jp
Deni,Pougher,dpougheroz@amazon.co.jp
Theodora,Randerson,trandersonp0@cbslocal.com
Pyotr,Dunkley,pdunkleyp1@smh.com.au
Paxton,Emmer,pemmerp2@fastcompany.com
Marianna,Perutto,mperuttop3@cocolog-nifty.com
Findlay,Tolotti,ftolottip4@oakley.com
Rolando,Spellessy,rspellessyp5@networkadvertising.org
Constance,Vampouille,cvampouillep6@plala.or.jp
Vinny,Springle,vspringlep7@psu.edu
Sena,Poncet,sponcetp8@icq.com
Therine,Whyke,twhykep9@gizmodo.com
Meagan,Mansell,mmansellpa@vimeo.com
Noreen,Luxmoore,nluxmoorepb@lulu.com
Pegeen,Janicijevic,pjanicijevicpc@who.int
Howard,Carous,hcarouspd@ox.ac.uk
Sigmund,Plumley,splumleype@cdc.gov
Ula,Sloan,usloanpf@jimdo.com
Tommy,Lambkin,tlambkinpg@tripod.com
Abeu,Twinberrow,atwinberrowph@tmall.com
Venus,Niese,vniesepi@bloomberg.com
Wendell,Picker,wpickerpj@bloglovin.com
Barnie,Stebles,bsteblespk@wikispaces.com
Rozalie,Aaron,raaronpl@who.int
Lilah,O'Hara,loharapm@usgs.gov
Normy,Ferne,nfernepn@purevolume.com
Betty,Ebourne,bebournepo@wix.com
Krissy,Vizor,kvizorpp@nature.com
Forrest,Bompas,fbompaspq@examiner.com
Dennie,Chesher,dchesherpr@slideshare.net
Veronica,Friedank,vfriedankps@who.int
Arda,Greed,agreedpt@foxnews.com
Yolanda,Grindall,ygrindallpu@1688.com
Margret,Kiledal,mkiledalpv@parallels.com
Aubree,Gorham,agorhampw@apple.com
Merralee,Davern,mdavernpx@chicagotribune.com
Chet,Callington,ccallingtonpy@cnet.com
Lianna,Wyrill,lwyrillpz@purevolume.com
Meaghan,Walles,mwallesq0@cbsnews.com
Antons,Bradbeer,abradbeerq1@ucla.edu
Drusy,Dinis,ddinisq2@pinterest.com
Charity,Denzilow,cdenzilowq3@wunderground.com
Katalin,Mawer,kmawerq4@nba.com
Wallis,Redholes,wredholesq5@spotify.com
Bernadette,Render,brenderq6@taobao.com
April,Rhucroft,arhucroftq7@artisteer.com
Agnesse,Clac,aclacq8@mysql.com
Normie,Goosnell,ngoosnellq9@java.com
Foss,St Clair,fstclairqa@fc2.com
Inga,Donoher,idonoherqb@newsvine.com
Justis,Bleibaum,jbleibaumqc@usgs.gov
Susana,Murphy,smurphyqd@google.pl
Dido,Lougheid,dlougheidqe@google.it
Woodman,Telega,wtelegaqf@elegantthemes.com
Garv,Mityushin,gmityushinqg@adobe.com
Michaeline,Guage,mguageqh@altervista.org
Kellia,Spieck,kspieckqi@narod.ru
Mikaela,Macieiczyk,mmacieiczykqj@last.fm
Karole,Caplan,kcaplanqk@creativecommons.org
Deane,Winterborne,dwinterborneql@smh.com.au
Carey,Castellone,ccastelloneqm@dion.ne.jp
Mamie,Biesty,mbiestyqn@blogger.com
Aron,Koubu,akoubuqo@surveymonkey.com
Tommy,Sommer,tsommerqp@dagondesign.com
Gerianne,Hearl,ghearlqq@ihg.com
Mala,Mc Gorley,mmcgorleyqr@japanpost.jp
Ansley,Mellody,amellodyqs@gov.uk
Wolfy,Maith,wmaithqt@nymag.com
Antonina,Gilberthorpe,agilberthorpequ@sciencedirect.com
Kahaleel,Hardeman,khardemanqv@wiley.com
Herc,Newham,hnewhamqw@amazon.co.jp
Dyana,Rathmell,drathmellqx@sfgate.com
Arri,Chasteau,achasteauqy@jigsy.com
Quintana,Parlot,qparlotqz@illinois.edu
Lurleen,Mourant,lmourantr0@apache.org
Bobbye,Calvey,bcalveyr1@slate.com
Tedmund,Wibrew,twibrewr2@nydailynews.com
Kelvin,McKintosh,kmckintoshr3@cbc.ca
Auguste,Smartman,asmartmanr4@opensource.org
Mendel,Prose,mproser5@sun.com
Kelsy,Peers,kpeersr6@ezinearticles.com
Nolana,Platfoot,nplatfootr7@issuu.com
Kitty,Stud,kstudr8@oaic.gov.au
Ulrick,Bolwell,ubolwellr9@springer.com
Bessie,Hansell,bhansellra@bandcamp.com
Jeffie,Hellcat,jhellcatrb@delicious.com
Alene,Shrubsall,ashrubsallrc@smh.com.au
Arly,Jerred,ajerredrd@unicef.org
Donny,Siegertsz,dsiegertszre@desdev.cn
Mirabelle,Ruthen,mruthenrf@pbs.org
Kirbie,Dufore,kduforerg@merriam-webster.com
Garrot,Vaud,gvaudrh@nasa.gov
Andy,Muck,amuckri@squidoo.com
Orland,Jenner,ojennerrj@t-online.de
Tamarra,Lichfield,tlichfieldrk@quantcast.com
Park,Mattholie,pmattholierl@archive.org
Hirsch,Faye,hfayerm@cmu.edu
Harlene,Jaeggi,hjaeggirn@twitpic.com
Kelly,Francom,kfrancomro@netscape.com
Hayley,Mapam,hmapamrp@jimdo.com
Betti,Muzzall,bmuzzallrq@yellowbook.com
Diannne,Rubinowitch,drubinowitchrr@wufoo.com
